{"epoch": 37, "trn_loss": 234.5828094482422, "val_loss": 372.4451599121094, "val_acc": 0.014178525643929534, "_timestamp": 1682699805.1953857, "_runtime": 51589.358635663986, "_step": 37}