{"epoch": 34, "trn_loss": 245.2691192626953, "val_loss": 355.8564147949219, "val_acc": 0.025927683087429095, "_timestamp": 1682695634.3772395, "_runtime": 47418.540489435196, "_step": 34}